fragment_01;CGTCTCACTCCACCTGCGTCTATCGTACAGTGCTAAAATGGCAGCAGATAGTGAAACTTCCGCTAAGCTAGCCCCTCAGGGTACACTGCACCGAGGCGTGCTGTCAATACTTGATTAAGTCGGGTTGTCGGGGACCTGCCGTCACGCTTCCGAGTGTATATCCGGATTTAGTTGACGTCATACAGAGGCACTAAGAAGAATAAACGCTTACCTCCAGCAATCGTGTAGTGTCAGGTGTACGTTCTCCCTTGCGCCGTTCGGCAAGCGTCCGGTGTCGGGCTGCAAGGAATAAATCTTTATGGACCAGAGGGGCTTGTTTCCTCATATGGGTGCGTGCACTTATACGATTCAAAGGTGGATATGGCCGCATTGAGACG
fragment_02;CGTCTCAGCATAACACGTAGCCAGGCTATAGTCCCGCGGCCTAATTCCTTCGAGTGCGGGTGCCTGTTTTTGTTTTTCCTTTACGACACGAACCGCTCTAACCTGCTCTATTTCGCCACGTTCCAGTGAACCTCTTAGCCTACCGCCCACGTACGGTGGGACGCGTCGAGCAGTTAAGGTACTGTGGAGAAATCGTTCAATATTAGAAAACAGGCGGTGTACGAATTACTGTGTCCCGGTGTTGCCCGTTTAACGGCTGCCGTGGTCATACCGTGAGGCACCACGAGGGGATGCTACGCAACATGCGAGGTGTAATCAGCAGGGAAGATCCCGGGGATCGAAAGCGGTCCGCGATTTGCGACCGATATGAGACG
fragment_03;CGTCTCAGATATGCATAAGGTGTCATTTATATTACACCTACGACACTGGTACCGGCTCACAGCCAAATGCACAGTCTCAAGATAGAATTCGCAAAAATTAGGCTTATCGGGCGCTTACTCTTTGTTACACTTCTGGTCTGTGAGTGACGCCCTGTGTCCCATCACTGCATGTGAGGATGCGTGTACTGCACCTGTGAATTACAGACGTTTCCCTACCAGGGCGCTACGTTATAATGTTCGGTTGCAACCCTCTATAGGGTGATCTCGACATACCACTATGGTTTGCGCGTCTCGGGTGCTTTTGGCGAGGGCCAGGTACGGCGGTGAGACAGCGTATTTTGCGAATAGGGTATTCGGACGCACGGTGTATAGTGAGACG
fragment_04;CGTCTCAATAGCTCTTGGAAAACGACTCTTCGACGGGCGTGTAGAAGTAGCCAAGCAGTTCGGTTGTTATCACTAAATGCGGACCATGTGCAGCCGTTTAGGAGAGGAGTCTGCAATGGATCAGCTGGTCAGATTGTACCACTCGGTTGAGCCTAAGGCACTTCAGGTGCTCGGATTGTAATGAACCCTCAGGTTACGCCGTTGCGCTGAGATCCCACAAGCCATAAGCAATGAGAATCGAGCAGCTATCGAATTACGCAGCACTTGCTGATGAACTGGGTGCACCTAAAGCGCCCGATAAAACGGAGGGAGTGAGGTAACTACTACATTGCGAGTAGTGCGAGGGGCCTCCGAGACTACATTAGAGCAGCTGAGACG
fragment_05;CGTCTCACAGCCATGCCGAATACGACAAAATCTATAGCCTTGCGAACGTAGGGGACTGATTTATGGACAACAGGACCGAAACAAGTTGGAGCCACAACGGAGCTATGGACGTTTTCACTATTGATGGGTGGCTTGCGTCCGCATCCCAGGTTTCTCTGGTTAATTTTCATGACGATTCTTTGTGGTACGATCCAGGCATAAGATAGGGCACCTAACCCGATACTGTGAACTTATATGACGGCTGAACATGCCCTAATAGTCTGCCAAAAGGGAAACCTATAACGGCTCTAAACGGGCCCCGGGTACGTAACAGCAATGTTCCTGTCCACCAAGGCGTTTTTAGTAACCGCCGATCGATCTCGATCGAATTCCGTGAGACG
fragment_06;CGTCTCATCCGTTTTACGCCCCAGATCGCAGCTCCCTTGACAGTGTCAGTTGAATCCCCATTCTAGGTTTCCTGATAAAACTAAGTACGGGGACGCATCAGTCGAAAGCAATCACAGATAATAGATATCTTGAGCAGAAAGACGTCTTCACGAATCAGGAGCGAGTGTCCCCTTTGAAAGTGCGGGCAACAATAGGTGTGAGGTTTCACGGTTGCTTGATCAGTAGCTGTTCACTCTCTCGCAGGCCTACATAGTGAGGTGGTGAGATTGTTCAGGTCTGTCTCCTGCGCGGTTGTCGAGCCCCGTCGGGCACGCTAACAAGGACAGGAATTCGGGTCGTCAAATAACAATTTACGTCATCGCATCCCTCTGAGACG
fragment_07;CGTCTCACCTCAAGGGTAAGGCGTGATCTCCATCTCGGTTCCCAATTGGTCATTGTGATAGCCACACTGCAGTTACCGAAGGCGATTTTATACTACCCTGATAAGTGCTCGCAGCCCCTCCTCCCTAATAATGTAACGACGAGCATTAACCCAGGAGTATTTCTCACGTTGCTCGTGCCCAGCCAAGGCGATCAACGCAGACCGGATAGCGTTAGCTAGCCCACGGGTAAAAGCGATTGTTGTACTCTTTCATATGAATACAGCACTCGCGAATGCAAGCCTACGTCGGCTCGATTCTCTTCCTCACCACACTGGAGGCGATGATCTAGCCCGTCTTTCACCCCGTACCTTTATACTCGGCCGCGTACTTGAGACG
fragment_08;CGTCTCATACTTCTCCACCGGGAGCTCTGCCTACCAAAGCGTCGTACGCCCAGGAAGCCGTTTCCTTTATCCTCCCTCATGTCTCAACGCGCGAGCATCGGAGAGTACGCGAAATCGACTGTCTGGCCAACACTGGACAGACGCGCGAGACGCTGATAAACCCCCATTTTCGTGGGGTTAGTAAATCGGTGGCTTCAAACGGTTCGATCGCTCGCACGAGCATTAGTCAGGAGTATGATTGCGCATCATCTCTACTCCGTACTAGGTTCTGTAGCTCAGGATCTCCGGGGGGATCAAGCTTTTATGTCCCGCGGGATTAGAAGATATCCATCCATATGTTTACTTTGATGCGGGTCCGAGCTCTCTATAATGTGAGACG
fragment_09;CGTCTCAAATGCTGCTTTGACAAAATGTGGAAAGCCTCAGCGACCGCTCTGGGGTCAAAGCTCTACGACACGTTGATGCTAAACAAGTTGGACTACTAAGCAAATGAAGCGGAAGAGATACTGAGCGCTCTCTCTATGACTTTCGCTATATGGCGACGTGCGAAAAACGCGATTTGGCCGAAATCTCAAATAATAATGCAATGTGTTGGCTAAGCTCGGGCAAACTCAGGATGTGACCTAGTACCCTCTGCCCCGTGAGTACCCATACCCAATCAAGCCAGCCCAATTCGCGATAGGTACAGATAAGCCTTACTCGTCCCGATCCTTGACTAAAACACTCATCCTCGATAGTACGTGCCTTGTAGAGTCCGACGGTGAGACG
fragment_10;CGTCTCAACGGCCATAGGTAAACGACCAGTTAGTGTCGTAGGGTCCTCCACTTTAGCTACGATTGCAACTCCCTTACCTTCGTGCCGGCGCGCTCCTCTTGCTACCATCACGCTTCAAATCGGGTGGAAGACCAACTGATGAATGAGGGTGCAGACCCCAGTGGAGCATAATACGATGCGCCCACGATACTCTAGAGCCACGCGTCGACGTTCGTAAGATGTCCCGGGCCCGTGGGTGGCCACATCGGCCGCCCATCCTTGTGTCTTCCGATAAGTACTCCCTTTCAAGGACTCTCCGATACCGGCTTAGAACACGAACGGACAACGCTTTCAGCGCTGAGAAATGACGGCTGCTTCAACCAGAACGTTACTGAGACG
fragment_11;CGTCTCATTACAGCCTTCTTTGCTAGATAGCCTCTAGTGTCAGCCACCAAGTCCGCCACCTAATCCTTCGCCGAGGGTCAAAGCTTCTGACCATCCAATTGTTAGGCACTCTTGGAACCTTGCAAGTACCTGATCATGCAGAAAATGGACTTGCCCGGAGCATATTCATTATAAGTACCATTCACGGCAGGTTATAGTATGCGTTGACGCGGGGTGATACGGTAATGCAAGTAACCATCGGGCCGCGGTATGCACATAGAAGGGTGTTTGACTTGGTTTCTTACAGTGCAACTGCATATGTGGACCGCCATTCCAAGTGAAAGGATACGAAGGGAGGTTTCGGACTGCTATCCAGAGCATGGAAAGCCTTCATGAGACG
fragment_12;CGTCTCATTCAAGGTGGTGCGCACTGGAATAGTGACTCGGGGATTGTATGTCGAGCCGCGTCCAGTCTTTCCTATACTTATGCGAGCAAATAGACCGAGTGGAACTTGATTGCATCAGCCGAATCACGATGAAAACTCAGCTTACAATTCGTAAGCACTTCAAATATATGCCCGGAAAATCGCCGTCCAGTGACTTGTAATAGCTCCAGGGTCAGTAGCGCTGCCCTGGCCGAACCAGGTGACGGTTACGTGGACCTCACAGTATCAATGTTGCAGTGCGCCACCAGATTAAGCTGGCCGTGTCATGGTGAACAACCGTGATAAAAGAACGGGAGTATGAGAGTGCCACCCAAGAGTGGTACTCCAAGATGAGACG
fragment_13;CGTCTCAAAGATTCGGAAAGGGGAGGGGGCTTTTCCTGCTTAACAACCTTCCTCGGCACGGTCTAAGCGTCTCACTCGTCCTAAACTCTACCATCATGCAGCTAGGCGAAAGTATAACTTTAGGGTCTCTCAGGATGAGCTATCTGTACCACGGTGATGAGATAAGTAGGGGGTGCGCTAGGGTCGTTCGTGTTTTCATCGTCTATAGTACCTATTTCTCGTCTTCCATTAGCGCATACGGCCATCTCGCGGCGGCTACGTCAGCCAGCGTCAACCCCAAGTCACTAATTTCCGTTATTATAGGTGTAGCTCATAACTTCTTCTGCCGACCAAGCCAAAAGCTTTGCGGCAGCTGCAAGGCCACGTTAAGTGAGACG
fragment_14;CGTCTCATAAGCTCTCGGACGGCAGATATTTATTAATAACACCACTGGGTTCCAGCTCTTAACGCACTTCCCTTCACTGGATCACCTGTACGCCCATAAGCTAAGCCTGAAGCCACGGCCTCAATCGTGGACATTACTCTTAGCAAATCCACATTACCATGTCACCAATCCCCGAACCCCGCGCCGACCTAAGGCGGGGTACCTCGTGCACGGCAGCATCGAGGGAAATATATTACAAAAGACGCGGCGATCCAACGGTTGATAAAAACAGTTCCGTGGAAGGCGGACGTGTGCTTAGCGCATGCTTCTCACCGAGTGACAGCACCGATTCCATCTCGCTAGCACGCCGATGAGCCTCGCTGTGGGACTATGGTTGAGACG
fragment_15;CGTCTCATGGTCCAGCCTATGCTTAACTAGGCAGAACAGAGAGTATGGTGGTCCTCGGTAAGGTCGATTTGGTGGCACTCGCAAGATACGCGGGTTATTAGTAGAGCGCAGTCAGGGCCCATCGCCAGCATTTGCATGCTCGCCGTACGCTATCCTTGTACTACGGTTCCTCAGTGGCTATAAAGGAATGTCACAACTCCATTAGCCCCTTTTGTTCAGCGCTTAGTCATGGTGGGACTGACTCACCGAGACTACATACGGATTGTGCCCGCAGAGACCTGCCTTTCATGCTGGGGTTTTGTAAGCAGCTCCACGGGGTAGTGTCACCATGCCTTCGACCTATGCTTATGAAACCCGAGGTAATGCGGCATGAGACG
fragment_16;CGTCTCAGGCAGGATCCCGTGGATCCTACGCTTAGCCTGTTTAAGCCATCGTTCTCCTCGGCCCCCAGCCAGCGCGTATTCCGCGCATTCCTCCGAGTGCGTATCGCGCAAACCACAAGATACCTCTCAACGACTAGCGGTGAACCACCAAGCTTGACATACGTGCCCCTTCGGAAACGTTATTAGTGGTCCTGAGTGGTACGTCCCGAGTATACGGGGCAGCGATAGTAACGCTACAAATAGCTAGGCGAGGTTGCGATACCTGAATGAATATCCAACAGTGGCAACGAGACGCTTAGAAAGGGAAACTACATACCAGTTCAATCCGGGATGACTTCAAAAGGGTATGTTTGTTTTGAAGCGAAGCTTTGGTGAGACG
fragment_17;CGTCTCATTGGTTGTCATTCAGTTCCTAGAGTTTACGGCGCTGATATGGCTCTAGGAGTCCAGTGAATTCGTCAGCATAAGCCCCACATCGTAGGAAATTGCCCGGTCGTCGGTCTAGCAAATGCTCGGTAAACTGGGAGTGTACTAACACCATGTCGTGGTAACCCGGTGGACCGGCTACTAGAGACATATTTATTCATGCTCAGTTGAACCTGTTTCGAGGGGGCCGAGTTAACATAAAGTGATTAGTCACAGCGCATTAAGATAGAACAGGGATATAGCTCGTTGCATCCATAAATTGCCCACCGTAGGGAGAACGCCGTTGGAAAATGAGAGTTAGGCGATGAGCGGTTGTCGCCCGCACAGACTGAGACG
fragment_18;CGTCTCAAGACAAAGGATGCCTTTATAAATAGTAGCGGCCTTGTCTGCACCAGACGTTTGTGGGTCGACGTGCTATTCTAGCCAAAAGCAAAATGTATCATACTACAGGCAATAGGCCCTATGCTGACCAAACTTGGGGACCCTTGCGCCTTCTCTCTTACGCATAACATGCATAGGTACCTCTACTCATCAGGCAGGGCGGCGTGAGGTCACTATGGCTCAAGATGTGTACGACTAAAGAAAGGTTTATGCTCCTTCCCCAAGGACGCATTTGGGACTGCTACTTGCCCCTAGCGAATTCACTAGGATTTTTGTAGAACCATGAGCGCCCTATCCGATAGCACAGAGACAATGCTACAAGCAACTGTGTGAGACG
fragment_19;CGTCTCATGTGCATGCGCTCGATCGCCGTGCATTAATACGTATTATAGCGTATCGTGTACGCTAATATCTTAGTGCACCGCACGCTGGTTGGATACAATTCCGTGAAATAATTCCTGCTTACACAGGGGCTTTCTGGCGCATGGCTGTGTCTGGATGTTTGTGATAAGAGGCTCCATGAACCCGGCGGGAAATGAGGGGAAACCCCGGGGAGCAACGACACTAAGCCTGGCAGTTGTTCAGATAGGACGCTTTTGTCAGTGGGCGGTTTTGCATCCACTAACTATCATAAACGACACAACGTCGAATGATCATCGGCGGTTTGCATGTAGAGACAGCTCCTGCAACACCATACCGGCTCGTGGAATTACGCTTGAGACG
fragment_20;CGTCTCACGCTGTGCGCCGGCCCTCATTCGATTGTGTCCAGCGTCGGCGCGAATGATGATTGAGATGTGCTTCGGCTCAGAGCGTGCACAGGTAGTTCTCCCCCCTTACCTAGCTGATCCAGCAATTCCACGCTGGCCCGCGCGTCCTTGGGTAACACTGGATCTGTACCCAAATACACCGTCGTGATTGTTAACTACCGTATGGCGGTTACGATCGAGTGACACTATTATTAGACCGCTACTCCAAGTCCCAACTTTTCATCGCCATACAGAAGAGAACGAGAAAGTCGAAGAGTTATAGCGTGTACACTTCTGATTAGCTAACGAATCGATGCGTACAGCATACTCGAGCAACTTTATGGGTCGTCGGTCTGAGACG